City_ID,City,Country,Date,Lat,Lng,Max Temp,Humidity,Cloudiness,Wind Speed
0,Stepanov,CZ,2021-07-26 04:04:35,49.684,17.2204,65.97,98,93,1.54
1,Jawhar,SO,2021-07-26 04:04:36,2.7809,45.5005,74.05,74,7,13.96
2,Bengkulu,ID,2021-07-26 04:01:13,-3.8004,102.2655,84.81,57,2,4.63
3,Kenai,US,2021-07-26 04:04:36,60.5544,-151.2583,65.03,81,40,9.22
4,Mataura,NZ,2021-07-26 04:04:37,-46.1927,168.8643,49.48,89,100,1.03
5,Bluff,NZ,2021-07-26 04:04:37,-46.6,168.3333,49.8,86,100,3.89
6,Barrow,US,2021-07-26 04:00:06,71.2906,-156.7887,39.22,97,90,14.97
7,Thompson,CA,2021-07-26 04:04:37,55.7435,-97.8558,51.17,45,5,5.35
8,Dourbali,TD,2021-07-26 04:04:38,11.8091,15.8632,74.5,89,100,4.7
9,Qaanaaq,GL,2021-07-26 04:04:38,77.484,-69.3632,36.86,74,100,2.82
10,Along,IN,2021-07-26 04:04:39,28.1667,94.7667,80.17,95,100,0.76
11,Isangel,VU,2021-07-26 04:04:39,-19.55,169.2667,74.97,74,95,16.11
12,Port Alfred,ZA,2021-07-26 04:01:07,-33.5906,26.891,59.7,31,72,12.73
13,Peno,RU,2021-07-26 04:04:39,56.9262,32.7426,61.57,68,5,0.54
14,Guanare,VE,2021-07-26 04:04:40,9.0418,-69.7421,72.55,97,100,1.41
15,Phalodi,IN,2021-07-26 04:04:32,27.1333,72.3667,88.61,56,99,15.77
16,Iracoubo,GF,2021-07-26 04:04:40,5.4802,-53.2011,75.94,90,100,4.79
17,Pangody,RU,2021-07-26 04:01:47,65.85,74.4859,54.91,62,99,10.16
18,Butaritari,KI,2021-07-26 04:04:41,3.0707,172.7902,78.51,87,100,13.18
19,Vaini,TO,2021-07-26 04:04:41,-21.2,-175.2,78.96,83,75,5.75
20,Guerrero Negro,MX,2021-07-26 04:04:31,27.9769,-114.0611,68.38,82,4,14.52
21,Okahandja,NA,2021-07-26 04:04:42,-21.9833,16.9167,46.94,64,29,11.03
22,Tevaitoa,PF,2021-07-26 04:04:42,-16.7833,-151.5,77.85,68,29,9.6
23,Saint-Philippe,RE,2021-07-26 04:04:42,-21.3585,55.7679,69.35,71,49,10.0
24,Tasiilaq,GL,2021-07-26 04:04:43,65.6145,-37.6368,41.16,83,23,3.36
25,Arraial Do Cabo,BR,2021-07-26 04:04:43,-22.9661,-42.0278,69.39,78,0,25.75
26,Puerto Ayora,EC,2021-07-26 04:04:43,-0.7393,-90.3518,71.55,89,7,3.0
27,Yellowknife,CA,2021-07-26 04:02:01,62.456,-114.3525,56.28,61,56,8.03
28,Diego De Almagro,CL,2021-07-26 04:04:44,-26.3667,-70.05,48.33,65,0,2.35
29,Kodiak,US,2021-07-26 04:02:13,57.79,-152.4072,54.81,82,43,7.7
30,Viedma,AR,2021-07-26 04:00:55,-40.8135,-62.9967,44.33,57,63,10.25
31,Geraldton,AU,2021-07-26 04:04:45,-28.7667,114.6,67.12,72,40,16.11
32,Nunspeet,NL,2021-07-26 04:04:45,52.3667,5.7667,64.13,88,86,5.12
33,Westport,US,2021-07-26 04:04:45,41.1415,-73.3579,77.02,93,90,1.99
34,Olafsvik,IS,2021-07-26 04:04:46,64.8945,-23.7142,49.28,82,88,12.24
35,Acapulco,MX,2021-07-26 04:01:32,16.8634,-99.8901,81.46,86,83,8.28
36,Okhotsk,RU,2021-07-26 04:02:08,59.3833,143.3,60.51,87,91,0.83
37,Kislovodsk,RU,2021-07-26 04:04:47,43.9133,42.7208,64.04,83,0,9.98
38,Avarua,CK,2021-07-26 04:04:48,-21.2078,-159.775,77.05,83,90,5.75
39,Makakilo City,US,2021-07-26 04:04:48,21.3469,-158.0858,80.92,69,90,9.22
40,Hilo,US,2021-07-26 04:04:48,19.7297,-155.09,74.93,91,90,0.0
41,Saint George,US,2021-07-26 04:01:52,37.1041,-113.5841,84.34,61,1,1.01
42,Georgetown,MY,2021-07-26 04:03:30,5.4112,100.3354,89.53,70,20,6.91
43,Rivers,CA,2021-07-26 04:04:49,50.0308,-100.2403,66.43,45,29,9.22
44,Lebu,CL,2021-07-26 04:04:49,-37.6167,-73.65,46.49,81,14,15.93
45,Ilulissat,GL,2021-07-26 04:04:50,69.2167,-51.1,50.02,46,100,12.66
46,Naze,JP,2021-07-26 04:04:50,28.3667,129.4833,76.03,93,100,17.38
47,Mar Del Plata,AR,2021-07-26 04:04:50,-38.0023,-57.5575,46.0,45,89,1.99
48,Cape Town,ZA,2021-07-26 04:04:32,-33.9258,18.4232,59.34,38,100,5.03
49,Kapaa,US,2021-07-26 04:03:57,22.0752,-159.319,84.18,83,43,1.01
50,Wanlaweyn,SO,2021-07-26 04:04:51,2.6185,44.8938,72.59,80,17,11.97
51,Faro,PT,2021-07-26 04:04:51,37.0194,-7.9322,69.58,83,20,14.97
52,Ayan,RU,2021-07-26 04:04:52,56.45,138.1667,64.54,80,40,8.97
53,Albany,US,2021-07-26 04:00:12,42.6001,-73.9662,69.39,94,0,3.76
54,Rikitea,PF,2021-07-26 04:04:53,-23.1203,-134.9692,71.8,74,30,7.38
55,Souillac,MU,2021-07-26 04:01:05,-20.5167,57.5167,70.36,73,40,11.5
56,Jamestown,US,2021-07-26 04:04:54,42.097,-79.2353,69.44,89,1,2.13
57,Busselton,AU,2021-07-26 04:04:54,-33.65,115.3333,67.05,73,0,26.13
58,Nisia Floresta,BR,2021-07-26 04:04:54,-6.0911,-35.2086,72.41,94,27,6.89
59,Pisco,PE,2021-07-26 04:04:55,-13.7,-76.2167,61.02,82,20,2.3
60,Meulaboh,ID,2021-07-26 04:02:17,4.1363,96.1285,84.83,67,90,2.57
61,Berlevag,NO,2021-07-26 04:02:11,70.8578,29.0864,45.63,77,97,17.78
62,Tura,IN,2021-07-26 04:04:55,25.5198,90.2201,84.04,76,100,5.1
63,Khatanga,RU,2021-07-26 04:01:26,71.9667,102.5,63.88,51,66,1.63
64,Bredasdorp,ZA,2021-07-26 04:04:56,-34.5322,20.0403,53.28,41,100,6.78
65,New Norfolk,AU,2021-07-26 04:04:56,-42.7826,147.0587,56.7,88,100,3.0
66,Ushuaia,AR,2021-07-26 04:01:13,-54.8,-68.3,28.63,88,40,3.8
67,Alofi,NU,2021-07-26 04:02:08,-19.0595,-169.9187,78.01,72,13,2.59
68,Kharan,PK,2021-07-26 04:01:26,28.5833,65.4167,96.6,22,10,7.0
69,Baturaja,ID,2021-07-26 04:04:57,-4.1333,104.1667,86.25,53,5,5.66
70,Zhangye,CN,2021-07-26 04:04:57,38.9342,100.4517,84.04,24,100,4.68
71,Gushikawa,JP,2021-07-26 04:04:58,26.3544,127.8686,87.39,86,90,10.36
72,Severo-Kurilsk,RU,2021-07-26 04:01:14,50.6789,156.125,60.04,89,69,5.23
73,Sao Joao Da Barra,BR,2021-07-26 04:04:27,-21.6403,-41.0511,68.38,79,0,14.76
74,Mareeba,AU,2021-07-26 04:04:58,-17.0,145.4333,81.45,52,18,7.2
75,Chernyshevskiy,RU,2021-07-26 04:04:17,63.0128,112.4714,84.2,31,1,5.46
76,Clyde River,CA,2021-07-26 04:04:59,70.4692,-68.5914,34.03,100,90,3.44
77,Loncoche,CL,2021-07-26 04:04:59,-39.3667,-72.6333,40.78,96,6,3.53
78,Leningradskiy,RU,2021-07-26 04:02:40,69.3833,178.4167,38.3,88,99,4.56
79,Guilin,CN,2021-07-26 04:05:00,25.2819,110.2864,93.49,52,1,1.86
80,Wum,CM,2021-07-26 04:05:00,6.3833,10.0667,59.72,93,99,3.47
81,Kruisfontein,ZA,2021-07-26 04:05:00,-34.0033,24.7314,53.1,34,93,12.44
82,Cabo San Lucas,MX,2021-07-26 04:00:01,22.8909,-109.9124,87.8,72,4,7.0
83,Yulara,AU,2021-07-26 04:05:01,-25.2406,130.9889,76.84,12,3,12.66
84,Sao Filipe,CV,2021-07-26 04:01:44,14.8961,-24.4956,73.71,75,87,4.14
85,Umm Kaddadah,SD,2021-07-26 04:05:01,13.6017,26.6876,80.29,62,96,12.82
86,Usinsk,RU,2021-07-26 04:05:03,65.9939,57.5281,47.01,81,100,9.95
87,Atuona,PF,2021-07-26 04:05:03,-9.8,-139.0333,77.77,75,3,23.0
88,Hermanus,ZA,2021-07-26 04:01:04,-34.4187,19.2345,55.8,53,100,6.96
89,Esperance,AU,2021-07-26 04:01:56,-33.8667,121.9,63.0,62,2,21.34
90,Bethel,US,2021-07-26 04:01:17,41.3712,-73.414,74.71,90,40,0.0
91,Victoria,HK,2021-07-26 04:00:09,22.2855,114.1577,93.96,80,70,5.01
92,Kahului,US,2021-07-26 04:05:04,20.8947,-156.47,82.42,82,40,21.85
93,Coihaique,CL,2021-07-26 04:05:05,-45.5752,-72.0662,39.15,60,0,9.22
94,Maniitsoq,GL,2021-07-26 04:04:27,65.4167,-52.9,47.68,71,100,16.67
95,Port Blair,IN,2021-07-26 04:03:23,11.6667,92.75,84.36,78,83,20.94
96,Sayyan,YE,2021-07-26 04:05:05,15.1718,44.3244,61.95,69,58,1.86
97,Srednekolymsk,RU,2021-07-26 04:05:06,67.45,153.6833,59.43,36,76,14.74
98,Tuatapere,NZ,2021-07-26 04:01:09,-46.1333,167.6833,49.82,97,100,1.83
99,Shupiyan,IN,2021-07-26 04:05:06,33.7167,74.8333,73.31,73,95,2.86
100,Poum,NC,2021-07-26 04:05:07,-20.2333,164.0167,72.84,68,16,23.6
101,Narathiwat,TH,2021-07-26 04:05:07,6.3333,101.75,94.73,57,88,3.53
102,Cherskiy,RU,2021-07-26 04:05:07,68.75,161.3,54.79,46,0,18.05
103,Karratha,AU,2021-07-26 04:05:08,-20.7377,116.8463,80.73,29,62,6.38
104,Codrington,AU,2021-07-26 04:05:08,-38.2667,141.9667,57.61,84,77,18.14
105,Iqaluit,CA,2021-07-26 04:01:10,63.7506,-68.5145,49.69,87,100,5.99
106,Lebedinyy,RU,2021-07-26 04:05:09,58.5167,125.5167,67.86,56,2,9.55
107,Issoire,FR,2021-07-26 04:05:09,45.55,3.25,58.26,92,99,3.51
108,Kijang,KR,2021-07-26 04:05:10,35.2442,129.2139,83.71,64,2,9.1
109,Husavik,IS,2021-07-26 04:01:22,66.0449,-17.3389,50.47,69,0,13.22
110,Sioux Lookout,CA,2021-07-26 04:05:10,50.1001,-91.917,60.12,72,17,2.13
111,Shelburne,CA,2021-07-26 04:02:01,44.0787,-80.2041,66.67,62,0,8.25
112,Chapais,CA,2021-07-26 04:02:57,49.7834,-74.8492,55.18,93,86,3.78
113,Roseville,US,2021-07-26 04:05:10,38.7521,-121.288,90.73,30,1,3.0
114,Marzuq,YE,2021-07-26 04:02:55,14.4,46.4667,73.09,75,52,7.65
115,Nador,MA,2021-07-26 04:02:28,35.174,-2.9287,73.65,64,0,13.8
116,Ararat,AM,2021-07-26 04:00:56,39.8317,44.7049,80.94,51,0,2.59
117,Sola,VU,2021-07-26 04:05:11,-13.8833,167.55,80.01,77,17,10.58
118,Sisimiut,GL,2021-07-26 04:05:12,66.9395,-53.6735,46.9,82,100,8.61
119,Nome,US,2021-07-26 04:05:12,64.5011,-165.4064,50.07,87,90,11.5
120,Pirgos,GR,2021-07-26 04:05:12,35.1167,25.7178,76.68,77,2,15.77
121,Laguna,US,2021-07-26 04:04:25,38.421,-121.4238,91.22,35,1,1.99
122,Adrar,MR,2021-07-26 04:05:13,20.5022,-10.0711,85.39,33,0,10.49
123,Belgrade,RS,2021-07-26 04:05:14,44.804,20.4651,76.66,50,0,12.66
124,Tilichiki,RU,2021-07-26 04:05:14,60.4667,166.1,56.16,91,100,7.92
125,Rafai,CF,2021-07-26 04:05:14,4.95,23.9167,69.03,98,100,1.7
126,Saint-Francois,FR,2021-07-26 04:05:15,46.4154,3.9054,62.47,89,75,3.44
127,Baykit,RU,2021-07-26 04:05:15,61.67,96.37,86.29,35,59,7.29
128,Xiaoweizhai,CN,2021-07-26 04:05:15,26.1903,107.5125,85.21,59,1,1.5
129,Punta Arenas,CL,2021-07-26 04:01:36,-53.15,-70.9167,35.11,80,77,8.93
130,Puerto Escondido,MX,2021-07-26 04:05:16,15.85,-97.0667,79.63,73,40,0.0
131,Iralaya,HN,2021-07-26 04:05:16,15.0,-83.2333,78.84,81,100,7.76
132,Charters Towers,AU,2021-07-26 04:05:17,-20.1,146.2667,77.25,17,52,6.6
133,Ozernovskiy,RU,2021-07-26 04:05:17,51.5,156.5167,57.34,95,93,4.9
134,Eydhafushi,MV,2021-07-26 04:05:17,5.1033,73.0708,82.44,76,100,14.97
135,Grand Gaube,MU,2021-07-26 04:05:18,-20.0064,57.6608,70.38,70,1,4.0
136,Saldanha,ZA,2021-07-26 04:05:18,-33.0117,17.9442,61.41,43,100,19.3
137,Mount Isa,AU,2021-07-26 04:01:24,-20.7333,139.5,74.97,17,65,8.05
138,Castro,BR,2021-07-26 04:01:38,-24.7911,-50.0119,54.54,58,12,3.94
139,Rocha,UY,2021-07-26 04:02:53,-34.4833,-54.3333,55.83,96,88,9.48
140,Torbay,CA,2021-07-26 04:03:20,47.6666,-52.7314,56.28,94,98,4.23
141,Hambantota,LK,2021-07-26 04:05:19,6.1241,81.1185,84.54,84,75,14.97
142,Tuktoyaktuk,CA,2021-07-26 04:01:15,69.4541,-133.0374,43.05,87,85,7.61
143,Jiaozhou,CN,2021-07-26 04:05:20,36.2839,120.0033,81.63,73,99,6.58
144,Darhan,MN,2021-07-26 04:05:20,49.4867,105.9228,73.81,53,3,7.76
145,Luganville,VU,2021-07-26 04:01:16,-15.5333,167.1667,82.98,70,68,6.91
146,Hobart,AU,2021-07-26 04:05:21,-42.8794,147.3294,57.06,70,40,4.0
147,George,ZA,2021-07-26 04:05:21,-33.963,22.4617,56.03,42,74,9.53
148,Fort Frances,CA,2021-07-26 04:05:11,48.5999,-93.4003,68.05,62,1,0.0
149,Tiksi,RU,2021-07-26 04:05:22,71.6872,128.8694,52.7,79,85,13.94
150,Salalah,OM,2021-07-26 04:00:54,17.0151,54.0924,77.27,92,100,14.14
151,Bereda,ES,2021-07-26 04:05:22,43.2686,-7.5406,59.0,99,34,1.05
152,Hasaki,JP,2021-07-26 04:02:29,35.7333,140.8333,84.29,69,99,20.85
153,Maceio,BR,2021-07-26 04:00:42,-9.6658,-35.7353,71.04,100,40,1.14
154,Xining,CN,2021-07-26 04:01:40,36.6167,101.7667,60.3,66,100,7.83
155,Upernavik,GL,2021-07-26 04:05:23,72.7868,-56.1549,43.18,70,91,3.87
156,Murmashi,RU,2021-07-26 04:05:23,68.8154,32.8115,45.01,87,75,8.95
157,Norman Wells,CA,2021-07-26 04:05:24,65.282,-126.8329,61.99,77,85,7.65
158,Ennis,IE,2021-07-26 04:05:24,52.8436,-8.9864,62.53,94,90,4.61
159,Port Elizabeth,ZA,2021-07-26 04:03:17,-33.918,25.5701,52.09,50,0,6.91
160,Dikson,RU,2021-07-26 04:05:25,73.5069,80.5464,45.3,75,38,1.23
161,Nemuro,JP,2021-07-26 04:03:20,43.3236,145.575,65.7,92,0,8.32
162,Bereslavka,RU,2021-07-26 04:05:25,48.6254,44.0449,74.17,39,27,14.34
163,Progreso,MX,2021-07-26 04:05:26,21.2833,-89.6667,80.71,86,54,6.22
164,Tazovskiy,RU,2021-07-26 04:05:26,67.4667,78.7,53.17,68,98,7.61
165,Rio Gallegos,AR,2021-07-26 04:05:26,-51.6226,-69.2181,32.05,93,0,11.5
166,Yanam,IN,2021-07-26 04:05:27,16.7333,82.2167,84.6,59,81,11.74
167,Turukhansk,RU,2021-07-26 04:05:27,65.8167,87.9833,81.36,42,65,7.38
168,Camabatela,AO,2021-07-26 04:05:27,-8.1881,15.375,59.02,42,55,4.16
169,Aldan,RU,2021-07-26 04:05:28,58.6031,125.3894,69.48,54,1,7.47
170,Caravelas,BR,2021-07-26 04:05:28,-17.7125,-39.2481,67.39,91,30,3.62
171,Chuy,UY,2021-07-26 04:02:46,-33.6971,-53.4616,58.53,96,38,5.77
172,Saquarema,BR,2021-07-26 04:05:29,-22.92,-42.5103,64.2,79,0,15.03
173,Puerto Suarez,BO,2021-07-26 04:05:29,-18.95,-57.8,72.52,44,0,3.29
174,Iglesias,IT,2021-07-26 04:05:29,39.3114,8.535,77.63,46,100,5.77
175,Anlu,CN,2021-07-26 04:05:30,31.1661,112.5831,89.24,62,0,7.05
176,Lasa,IT,2021-07-26 04:05:30,46.6166,10.7002,61.02,89,100,2.33
177,Faanui,PF,2021-07-26 04:05:30,-16.4833,-151.75,78.01,70,49,10.47
178,Nikolskoye,RU,2021-07-26 04:05:31,59.7035,30.7861,65.8,58,66,2.95
179,Alice Springs,AU,2021-07-26 04:01:05,-23.7,133.8833,74.75,21,6,11.99
180,Highland Springs,US,2021-07-26 04:02:00,37.546,-77.3278,80.62,83,40,8.05
181,Zelenogorskiy,RU,2021-07-26 04:05:31,55.0333,87.0,75.72,64,79,5.3
182,Airai,TL,2021-07-26 04:05:32,-8.9266,125.4092,77.99,23,86,4.14
183,Buala,SB,2021-07-26 04:05:32,-8.145,159.5921,83.84,73,28,7.07
184,Vao,NC,2021-07-26 04:02:27,-22.6667,167.4833,70.41,63,90,18.63
185,Harper,LR,2021-07-26 04:05:33,4.375,-7.7169,75.61,77,55,7.16
186,Gojra,PK,2021-07-26 04:05:33,31.1487,72.6866,102.49,35,72,9.44
187,Miguel Alves,BR,2021-07-26 04:05:33,-4.1656,-42.8953,68.79,80,39,2.06
188,Kaitangata,NZ,2021-07-26 04:05:34,-46.2817,169.8464,48.02,94,100,3.44
189,Kashary,RU,2021-07-26 04:05:34,49.04,41.0056,72.46,46,5,10.2
190,Bilibino,RU,2021-07-26 04:02:04,68.0546,166.4372,63.09,43,36,7.34
191,Goma,CD,2021-07-26 04:05:35,-1.6792,29.2228,62.87,69,100,3.04
192,Verdikoussa,GR,2021-07-26 04:05:35,39.7803,21.9722,60.62,50,0,2.13
193,Sur,OM,2021-07-26 04:05:35,22.5667,59.5289,91.94,53,96,9.55
194,Hithadhoo,MV,2021-07-26 04:03:57,-0.6,73.0833,81.59,74,100,5.57
195,Ataco,CO,2021-07-26 04:05:36,3.5915,-75.3818,73.2,87,92,1.81
196,Reserva,BR,2021-07-26 04:04:04,-24.6503,-50.8506,53.24,70,1,2.39
197,Upata,VE,2021-07-26 04:05:37,8.0086,-62.3989,73.18,98,100,3.58
198,Salur,IN,2021-07-26 04:05:37,18.5333,83.2167,91.6,51,49,11.01
199,Alexandria,EG,2021-07-26 04:01:21,31.2156,29.9553,77.14,72,0,7.07
200,Katsuura,JP,2021-07-26 04:05:38,35.1333,140.3,88.2,57,79,19.24
201,Daytona Beach,US,2021-07-26 04:05:12,29.2108,-81.0228,81.01,74,90,5.75
202,San Patricio,US,2021-07-26 04:05:38,28.017,-97.5169,83.84,80,3,8.12
203,Caluquembe,AO,2021-07-26 04:05:38,-13.7833,14.6833,49.6,54,2,3.42
204,Lagos,NG,2021-07-26 04:05:21,6.5833,3.75,73.71,84,68,5.17
205,Pevek,RU,2021-07-26 04:01:56,69.7008,170.3133,36.14,88,65,11.86
206,Hamilton,US,2021-07-26 04:02:01,39.1834,-84.5333,77.99,88,88,1.01
207,Oranjemund,NA,2021-07-26 04:03:17,-28.55,16.4333,63.54,31,100,13.71
208,Uyuni,BO,2021-07-26 04:05:40,-20.4597,-66.825,38.71,54,95,16.31
209,Dongning,CN,2021-07-26 04:05:40,44.0622,131.1207,98.35,35,100,0.63
210,La Ronge,CA,2021-07-26 04:03:09,55.1001,-105.2842,55.47,93,89,1.97
211,Butembo,CD,2021-07-26 04:05:41,0.15,29.2833,57.81,85,94,2.91
212,Vila Franca Do Campo,PT,2021-07-26 04:05:41,37.7167,-25.4333,66.61,84,57,7.47
213,Mount Gambier,AU,2021-07-26 04:05:42,-37.8333,140.7667,55.31,94,75,18.41
214,East London,ZA,2021-07-26 04:05:42,-33.0153,27.9116,57.96,27,46,7.25
215,Oistins,BB,2021-07-26 04:01:12,13.0667,-59.5333,80.44,82,100,13.51
216,Kyra,RU,2021-07-26 04:05:42,49.5776,111.9753,66.78,61,96,7.63
217,Grand Bank,CA,2021-07-26 04:05:43,47.0999,-55.765,54.5,89,8,3.89
218,San Rafael,AR,2021-07-26 04:05:43,-34.6177,-68.3301,45.64,46,49,5.26
219,Lorengau,PG,2021-07-26 04:04:08,-2.0226,147.2712,85.71,65,41,5.84
220,Alto Paraguai,BR,2021-07-26 04:05:44,-14.5136,-56.4825,71.44,49,6,5.48
221,Zinder,NE,2021-07-26 04:05:44,13.8072,8.9881,80.38,68,98,13.91
222,Mount Darwin,ZW,2021-07-26 04:05:44,-16.7725,31.5838,41.38,86,0,3.29
223,Kavaratti,IN,2021-07-26 04:05:45,10.5669,72.642,81.5,79,100,20.18
224,Marrakesh,MA,2021-07-26 04:02:17,31.6315,-8.0083,71.67,53,0,6.91
225,Kushmurun,KZ,2021-07-26 04:05:45,52.4503,64.6311,65.32,42,0,11.27
226,Sangar,RU,2021-07-26 04:05:46,63.9242,127.4739,82.33,37,4,12.37
227,Raiganj,IN,2021-07-26 04:05:46,25.6167,88.1167,91.17,60,95,2.21
228,Bandikui,IN,2021-07-26 04:05:47,27.05,76.5667,89.04,61,100,5.5
229,Mahebourg,MU,2021-07-26 04:05:47,-20.4081,57.7,70.25,73,40,11.5
230,Mayo,US,2021-07-26 04:05:47,38.8876,-76.5119,82.81,86,20,1.01
231,Saskylakh,RU,2021-07-26 04:05:48,71.9167,114.0833,59.72,57,95,14.58
232,Broken Hill,AU,2021-07-26 04:05:48,-31.95,141.4333,62.51,38,6,18.16
233,Lubao,PH,2021-07-26 04:05:48,14.9167,120.55,87.15,75,96,16.24
234,Morgan City,US,2021-07-26 04:05:49,29.6994,-91.2068,81.03,100,1,3.44
235,Brokopondo,SR,2021-07-26 04:02:08,4.75,-55.1667,76.69,88,97,5.46
236,Sitka,US,2021-07-26 04:05:49,57.0531,-135.33,57.09,77,75,3.44
237,Cidreira,BR,2021-07-26 04:05:49,-30.1811,-50.2056,68.14,68,91,5.21
238,Bathsheba,BB,2021-07-26 04:05:50,13.2167,-59.5167,80.71,83,100,12.35
239,Xacmaz,AZ,2021-07-26 04:05:50,41.4635,48.806,83.3,43,0,8.93
240,Tucurui,BR,2021-07-26 04:05:51,-3.7661,-49.6725,72.25,63,6,2.68
241,Pocos De Caldas,BR,2021-07-26 04:05:51,-21.7878,-46.5614,50.02,54,0,2.84
242,Estancia Velha,BR,2021-07-26 04:05:51,-29.6483,-51.1739,76.68,71,94,4.05
243,Quatre Cocos,MU,2021-07-26 04:05:52,-20.2078,57.7625,70.09,59,26,11.88
244,Ponta Do Sol,PT,2021-07-26 04:05:52,32.6667,-17.1,73.0,84,4,3.13
245,Pitimbu,BR,2021-07-26 04:05:52,-7.4706,-34.8086,73.99,83,63,13.98
246,Luis Correia,BR,2021-07-26 04:05:53,-2.8792,-41.6669,76.23,83,19,9.22
247,Lindi,TZ,2021-07-26 04:05:53,-10.0,39.7167,63.19,71,15,6.08
248,Lazaro Cardenas,MX,2021-07-26 04:05:54,17.9583,-102.2,80.85,85,97,4.9
249,Provideniya,RU,2021-07-26 04:05:54,64.3833,-173.3,50.11,81,90,11.18
250,Lacarak,RS,2021-07-26 04:05:54,45.0022,19.5686,77.18,71,90,8.1
251,Brae,GB,2021-07-26 04:05:55,60.3964,-1.353,57.11,94,56,7.81
252,Catamarca,AR,2021-07-26 04:05:55,-28.4696,-65.7852,55.78,62,0,4.38
253,Muravlenko,RU,2021-07-26 04:05:56,63.7898,74.523,53.19,66,100,18.97
254,Paamiut,GL,2021-07-26 04:05:56,61.994,-49.6678,48.33,60,100,5.55
255,Ambunti,PG,2021-07-26 04:02:32,-4.2365,142.8448,92.16,49,41,1.5
256,Ca Mau,VN,2021-07-26 04:05:57,9.1769,105.15,90.43,55,46,10.09
257,Vestmannaeyjar,IS,2021-07-26 04:02:14,63.4427,-20.2734,50.56,79,97,16.98
258,Raudeberg,NO,2021-07-26 04:05:57,61.9875,5.1352,63.27,86,100,6.51
259,Naliya,IN,2021-07-26 04:05:58,23.2667,68.8333,82.94,81,100,19.8
260,Dingle,PH,2021-07-26 04:05:58,10.9995,122.6711,88.65,61,98,16.6
261,Ankazoabo,MG,2021-07-26 04:05:58,-22.2833,44.5167,54.88,69,3,7.14
262,Nanortalik,GL,2021-07-26 04:01:18,60.1432,-45.2371,44.6,74,95,10.51
263,Ribeira Grande,PT,2021-07-26 04:05:59,38.5167,-28.7,69.49,86,5,16.06
264,Luxor,EG,2021-07-26 04:02:37,25.6989,32.6421,81.95,28,0,5.75
265,Maragogi,BR,2021-07-26 04:03:16,-9.0122,-35.2225,72.79,88,28,10.07
266,Tekeli,KZ,2021-07-26 04:06:00,44.83,78.8239,87.03,14,0,4.76
267,Kaili,ID,2021-07-26 04:06:00,-3.4626,120.2147,79.14,59,46,4.99
268,Yar-Sale,RU,2021-07-26 04:06:01,66.8333,70.8333,55.81,60,81,6.71
269,Manokwari,ID,2021-07-26 04:06:01,-0.8667,134.0833,83.53,66,86,5.19
270,Camaguey,CU,2021-07-26 04:06:01,21.3808,-77.9169,71.94,100,20,1.14
271,Ferme-Neuve,CA,2021-07-26 04:06:02,46.7001,-75.4493,61.03,90,76,3.76
272,Paramirim,BR,2021-07-26 04:06:02,-13.4425,-42.2389,60.6,78,0,6.04
273,Ilo,PE,2021-07-26 04:06:02,-17.6394,-71.3375,59.92,88,69,7.45
274,Luau,AO,2021-07-26 04:06:03,-10.7073,22.2247,56.53,47,57,7.72
275,Huari,PE,2021-07-26 04:06:03,-9.3333,-77.2333,40.82,92,67,2.84
276,Aksarka,RU,2021-07-26 04:06:03,66.5606,67.7975,54.05,65,96,10.04
277,Vangaindrano,MG,2021-07-26 04:01:45,-23.35,47.6,60.8,80,38,4.76
278,Ryotsu,JP,2021-07-26 04:06:04,38.0833,138.4333,83.91,69,10,6.82
279,Dongying,CN,2021-07-26 04:06:04,37.4564,118.4856,93.16,46,14,9.26
280,Deputatskiy,RU,2021-07-26 04:06:05,69.3,139.9,60.31,49,98,4.72
281,Carahue,CL,2021-07-26 04:06:05,-38.7,-73.1667,41.2,97,9,1.59
282,Shakawe,BW,2021-07-26 04:06:06,-18.3667,21.85,42.21,68,0,5.88
283,Balkhash,KZ,2021-07-26 04:06:06,46.844,74.9804,90.21,25,0,6.71
284,Lagoa,PT,2021-07-26 04:01:20,39.05,-27.9833,68.61,84,12,12.5
285,Te Anau,NZ,2021-07-26 04:06:06,-45.4167,167.7167,46.18,94,100,3.02
286,Kabompo,ZM,2021-07-26 04:06:07,-13.5927,24.2008,46.87,65,2,6.29
287,Moron,AR,2021-07-26 04:06:07,-34.6534,-58.6198,53.35,96,0,4.36
288,Zhigansk,RU,2021-07-26 04:06:08,66.7697,123.3711,70.47,65,35,5.14
289,Bilma,NE,2021-07-26 04:06:08,18.6853,12.9164,87.51,48,100,7.2
290,Itarema,BR,2021-07-26 04:06:08,-2.9248,-39.9167,77.11,82,12,14.88
291,Hervey Bay,AU,2021-07-26 04:06:09,-25.2986,152.8535,72.03,40,17,7.36
292,Matagami,CA,2021-07-26 04:06:09,49.7502,-77.6328,57.29,96,95,5.12
293,Kasongo-Lunda,CD,2021-07-26 04:06:09,-6.4667,16.8167,64.44,41,80,0.85
294,Chokurdakh,RU,2021-07-26 04:06:10,70.6333,147.9167,56.43,40,56,9.98
295,Marawi,PH,2021-07-26 04:06:10,7.9986,124.2928,85.64,49,69,6.11
296,Birin,NP,2021-07-26 04:06:11,26.8865,88.0718,73.42,77,100,3.13
297,Luderitz,NA,2021-07-26 04:03:18,-26.6481,15.1594,65.77,31,79,13.18
298,Qaqortoq,GL,2021-07-26 04:06:11,60.7167,-46.0333,45.1,70,99,1.57
299,Hillsborough,US,2021-07-26 04:06:12,37.5741,-122.3794,73.92,82,75,1.01
300,Carnarvon,AU,2021-07-26 04:06:12,-24.8667,113.6333,70.0,57,8,9.28
301,Hay River,CA,2021-07-26 04:06:12,60.8156,-115.7999,54.66,64,7,6.4
302,Labuhan,ID,2021-07-26 04:06:13,-6.8844,112.2051,85.93,52,2,6.26
303,Chardara,KZ,2021-07-26 04:06:13,41.2547,67.9692,95.86,20,0,17.98
304,San Juan,AR,2021-07-26 04:02:55,-31.5375,-68.5364,50.86,39,0,9.95
305,Rudnyy,KZ,2021-07-26 04:06:13,52.9594,63.1206,64.63,48,0,5.32
306,Avera,US,2021-07-26 04:06:14,33.194,-82.5271,80.71,70,57,1.7
307,Asau,RO,2021-07-26 04:06:14,46.4333,26.4,64.96,75,4,3.38
308,Kemijarvi,FI,2021-07-26 04:06:15,66.7131,27.4306,55.87,85,95,2.33
309,El Mante,MX,2021-07-26 04:06:15,22.7333,-98.9667,81.81,75,0,5.21
310,Dalbandin,PK,2021-07-26 04:06:15,28.8947,64.4101,100.47,9,3,4.61
311,Chivilcoy,AR,2021-07-26 04:06:16,-34.8957,-60.0167,46.02,64,0,3.0
312,Cayenne,GF,2021-07-26 04:06:16,4.9333,-52.3333,77.09,91,90,0.0
313,Mandera,KE,2021-07-26 04:04:02,3.9366,41.867,72.73,67,72,16.69
314,Linda,US,2021-07-26 04:06:16,39.1277,-121.5508,91.74,36,1,9.22
315,Nyrob,RU,2021-07-26 04:06:17,60.733,56.7202,54.54,71,100,5.37
316,Lata,PT,2021-07-26 04:06:17,40.1629,-8.3327,63.36,96,93,2.57
317,Vila Velha,BR,2021-07-26 04:02:38,-20.3297,-40.2925,55.94,78,5,5.64
318,Ballitoville,ZA,2021-07-26 04:06:18,-29.539,31.2144,50.25,71,0,6.67
319,Northam,GB,2021-07-26 04:06:18,51.0333,-4.2167,59.31,96,1,6.13
320,Ostrovnoy,RU,2021-07-26 04:06:18,68.0531,39.5131,44.98,87,94,22.17
321,Daigo,JP,2021-07-26 04:06:19,36.7667,140.35,80.74,43,76,10.09
322,Masvingo,ZW,2021-07-26 04:06:19,-20.0637,30.8277,41.25,89,11,5.06
323,Ust-Kuyga,RU,2021-07-26 04:06:19,70.0167,135.6,64.0,53,97,5.12
324,Necochea,AR,2021-07-26 04:06:20,-38.5473,-58.7368,44.65,85,3,11.16
325,Atbasar,KZ,2021-07-26 04:06:20,51.8,68.3333,66.69,57,1,11.32
326,Fortuna,US,2021-07-26 04:06:20,40.5982,-124.1573,55.85,90,100,1.99
327,Korem,ET,2021-07-26 04:06:21,12.5058,39.5228,55.29,85,91,7.29
328,Tashla,RU,2021-07-26 04:06:22,51.7716,52.7427,67.28,33,0,10.25
329,Arawa,PG,2021-07-26 04:06:22,-6.2132,155.5367,83.82,76,49,3.33
330,Omboue,GA,2021-07-26 04:06:23,-1.5746,9.2618,73.06,83,96,0.92
331,Batagay,RU,2021-07-26 04:06:23,67.6333,134.6333,66.18,53,91,4.63
332,Yigou,CN,2021-07-26 04:06:24,35.8114,114.3167,89.64,59,5,6.62
333,Dhidhdhoo,MV,2021-07-26 04:06:24,6.8833,73.1,82.63,76,93,15.66
334,Egvekinot,RU,2021-07-26 04:06:24,66.3167,-179.1667,49.73,76,100,2.64
335,Los Llanos De Aridane,ES,2021-07-26 04:06:25,28.6585,-17.9182,69.12,78,20,13.8
336,Abrau-Dyurso,RU,2021-07-26 04:06:25,44.69,37.59,71.06,59,2,11.32
337,Kapuskasing,CA,2021-07-26 04:06:25,49.4169,-82.4331,58.03,97,75,7.18
338,Kadur,IN,2021-07-26 04:06:26,13.5533,76.0131,73.04,77,95,5.77
339,Okha,RU,2021-07-26 04:06:26,53.5739,142.9478,76.69,68,100,9.57
340,Milos,GR,2021-07-26 04:06:27,36.75,24.4333,72.32,69,0,25.7
341,Kholmogory,RU,2021-07-26 04:06:27,64.2229,41.656,55.51,98,100,1.14
342,Mandalgovi,MN,2021-07-26 04:06:27,45.7625,106.2708,66.18,60,100,8.32
343,Parrita,CR,2021-07-26 04:06:28,9.5201,-84.3225,82.98,89,100,5.03
344,Gat,IL,2021-07-26 04:06:28,31.61,34.7642,79.48,80,33,3.6
345,Romitan,UZ,2021-07-26 04:06:28,39.9343,64.3814,85.95,30,0,13.8
346,El Viejo,NI,2021-07-26 04:06:29,12.6633,-87.1672,77.02,88,58,1.68
347,Fairbanks,US,2021-07-26 04:02:05,64.8378,-147.7164,69.6,58,100,1.01
348,Eenhana,NA,2021-07-26 04:06:29,-17.4667,16.3333,54.05,51,0,11.14
349,Fort Madison,US,2021-07-26 04:06:30,40.6298,-91.3151,73.38,100,98,0.0
350,Port-Gentil,GA,2021-07-26 04:06:30,-0.7193,8.7815,75.52,80,100,7.38
351,Osorno,CL,2021-07-26 04:01:37,-40.5667,-73.15,36.12,93,6,3.53
352,Mana,GF,2021-07-26 04:01:54,5.6592,-53.7767,76.23,88,83,5.48
353,Vardo,NO,2021-07-26 04:02:33,70.3705,31.1107,46.6,74,64,22.44
354,Ust-Maya,RU,2021-07-26 04:06:31,60.4167,134.5333,77.23,40,8,9.91
355,The Valley,AI,2021-07-26 04:06:31,18.217,-63.0578,81.1,83,67,19.55
356,Port Hardy,CA,2021-07-26 04:06:32,50.6996,-127.4199,59.61,93,100,7.78
357,Saint-Pierre,RE,2021-07-26 04:06:32,-21.3393,55.4781,69.44,64,0,8.05
358,Pathein,MM,2021-07-26 04:06:32,16.7833,94.7333,79.56,88,100,14.32
359,Bol,TD,2021-07-26 04:06:33,13.4586,14.7147,78.73,84,100,11.81
360,Talnakh,RU,2021-07-26 04:06:33,69.4865,88.3972,63.91,78,99,4.85
361,North Vanlaiphai,IN,2021-07-26 04:06:34,23.1333,93.0667,77.92,65,100,0.34
362,Margate,GB,2021-07-26 04:06:34,51.3813,1.3862,64.31,94,90,1.01
363,San Cristobal,VE,2021-07-26 04:02:50,7.7669,-72.225,66.13,99,98,1.97
364,Gambela,ET,2021-07-26 04:06:35,8.25,34.5833,67.75,95,100,2.06
365,Noumea,NC,2021-07-26 04:06:35,-22.2763,166.4572,76.98,99,99,10.65
366,Comodoro Rivadavia,AR,2021-07-26 04:06:35,-45.8667,-67.5,42.06,48,43,21.3
367,Kirs,RU,2021-07-26 04:06:36,59.3388,52.2447,59.31,61,89,6.85
368,Chicama,PE,2021-07-26 04:06:36,-7.8447,-79.1469,64.87,87,15,4.99
369,Nakusp,CA,2021-07-26 04:06:36,50.2499,-117.8023,69.48,74,52,1.48
370,Cascais,PT,2021-07-26 04:06:37,38.6979,-9.4215,68.61,80,48,10.0
371,Chara,RU,2021-07-26 04:03:50,56.9064,118.2631,71.4,45,11,9.33
372,Topchanchi,IN,2021-07-26 04:06:37,23.9,86.2,87.75,60,100,5.86
373,Muroto,JP,2021-07-26 04:06:38,33.2833,134.15,80.22,78,3,6.71
374,Baculin,PH,2021-07-26 04:06:38,7.4525,126.5842,88.7,62,96,9.22
375,Solginskiy,RU,2021-07-26 04:06:38,61.05,41.3428,60.78,73,58,8.52
376,Maloy,NO,2021-07-26 04:06:39,61.9353,5.1136,67.84,85,100,5.77
377,Najran,SA,2021-07-26 04:06:39,17.4924,44.1277,81.91,49,78,5.66
378,Fare,PF,2021-07-26 04:06:39,-16.7,-151.0167,77.74,70,23,9.1
379,Port Hedland,AU,2021-07-26 04:06:40,-20.3167,118.5667,82.45,21,88,9.22
380,Bukama,CD,2021-07-26 04:06:40,-9.2,25.85,62.33,45,29,3.33
381,Sorland,NO,2021-07-26 04:06:41,67.667,12.6934,53.85,83,100,4.23
382,Touros,BR,2021-07-26 04:06:41,-5.1989,-35.4608,72.5,91,10,9.82
383,Langholm,GB,2021-07-26 04:06:41,55.151,-2.9989,60.01,94,14,2.44
384,Nokha,IN,2021-07-26 04:06:42,27.6,73.4167,88.39,60,86,14.99
385,Great Yarmouth,GB,2021-07-26 04:06:42,52.6083,1.7305,60.46,92,33,6.44
386,Bambous Virieux,MU,2021-07-26 04:02:17,-20.3428,57.7575,70.21,73,40,11.5
387,Puerto Cabezas,NI,2021-07-26 04:06:43,14.0351,-83.3888,77.49,88,100,7.58
388,Elizabeth City,US,2021-07-26 04:06:03,36.2946,-76.2511,80.65,84,1,1.01
389,Tuckahoe,US,2021-07-26 04:06:43,37.5901,-77.5564,80.4,85,75,1.01
390,Hinckley,GB,2021-07-26 04:06:43,52.5389,-1.3761,61.14,92,87,1.23
391,Kavieng,PG,2021-07-26 04:03:34,-2.5744,150.7967,83.43,68,36,3.74
392,Sakakah,SA,2021-07-26 04:06:44,29.9697,40.2064,93.63,20,12,4.52
393,Amherstburg,CA,2021-07-26 04:06:44,42.1168,-83.0499,77.95,79,40,0.0
394,Ugoofaaru,MV,2021-07-26 04:06:45,5.6667,73.0,81.66,78,100,12.17
395,Kloulklubed,PW,2021-07-26 04:06:45,7.0419,134.2556,83.64,77,99,16.22
396,Samarai,PG,2021-07-26 04:06:45,-10.6167,150.6667,79.5,75,97,16.87
397,Kingaroy,AU,2021-07-26 04:06:46,-26.5333,151.8333,64.06,42,93,5.3
398,Longyearbyen,SJ,2021-07-26 04:06:46,78.2186,15.6401,44.44,87,75,4.61
399,Barcelos,PT,2021-07-26 04:02:48,41.5388,-8.6151,63.91,93,4,3.56
400,Fukue,JP,2021-07-26 04:06:47,32.6881,128.8419,80.55,77,100,14.12
401,Bambamarca,PE,2021-07-26 04:06:47,-6.6833,-78.5333,49.69,94,31,2.06
402,Sawtell,AU,2021-07-26 04:06:48,-30.3833,153.1,70.18,45,2,10.36
403,Celestun,MX,2021-07-26 04:06:48,20.8667,-90.4,80.64,85,17,8.66
404,Arona,ES,2021-07-26 04:06:48,28.0996,-16.681,69.03,56,0,3.44
405,Kangaatsiaq,GL,2021-07-26 04:06:49,68.3065,-53.4641,42.21,91,100,12.53
406,Narsaq,GL,2021-07-26 04:06:49,60.9167,-46.05,44.82,61,100,2.26
407,Cooma,AU,2021-07-26 04:04:08,-36.2333,149.1333,49.69,62,71,14.99
408,Muskegon,US,2021-07-26 04:05:49,43.3,-86.1334,71.85,91,1,0.0
409,Jackson,US,2021-07-26 04:06:13,42.4165,-122.8345,87.67,25,1,5.75
410,Santa Isabel Do Rio Negro,BR,2021-07-26 04:06:50,-0.4139,-65.0192,72.0,98,100,3.2
411,Sao Felix Do Xingu,BR,2021-07-26 04:06:50,-6.6447,-51.995,70.36,54,4,2.35
412,Carutapera,BR,2021-07-26 04:06:51,-1.195,-46.02,75.15,88,10,3.13
413,Mitsamiouli,KM,2021-07-26 04:06:51,-11.3847,43.2844,75.92,69,69,12.21
414,Ovre Ardal,NO,2021-07-26 04:06:51,61.3167,7.8,63.48,69,86,5.35
415,Jijiga,ET,2021-07-26 04:06:52,9.35,42.8,58.26,84,94,17.31
416,Dwarka,IN,2021-07-26 04:06:52,22.2394,68.9678,81.45,85,100,24.2
417,Caucaia,BR,2021-07-26 04:06:53,-3.7361,-38.6531,79.03,72,40,16.11
418,Sampit,ID,2021-07-26 04:06:53,-2.5333,112.95,89.19,47,0,3.78
419,Tabuk,PH,2021-07-26 04:06:53,17.4189,121.4443,84.18,70,100,1.83
420,Minsk,BY,2021-07-26 04:06:54,53.9,27.5667,56.95,73,47,4.56
421,Yatou,CN,2021-07-26 04:06:55,37.15,122.3833,84.79,66,76,10.89
422,Ahipara,NZ,2021-07-26 04:01:56,-35.1667,173.1667,57.16,85,82,14.14
423,Miramar,US,2021-07-26 04:05:11,25.9873,-80.2323,83.98,80,1,3.44
424,Tarakan,ID,2021-07-26 04:06:55,3.3,117.6333,83.7,74,40,9.22
425,Khasan,RU,2021-07-26 04:06:56,42.4308,130.6434,81.14,74,43,9.73
426,Namtsy,RU,2021-07-26 04:06:56,62.7161,129.6658,82.51,28,19,9.4
427,Bac Lieu,VN,2021-07-26 04:06:56,9.285,105.7244,87.96,63,76,11.32
428,Cootamundra,AU,2021-07-26 04:06:57,-34.65,148.0333,56.95,82,99,11.7
429,Palauig,PH,2021-07-26 04:06:57,15.435,119.9045,82.83,85,96,12.12
430,Asfi,MA,2021-07-26 04:06:58,32.2994,-9.2372,67.75,92,0,12.86
431,Tezu,IN,2021-07-26 04:06:58,27.9167,96.1667,82.87,92,100,0.83
432,Nantucket,US,2021-07-26 04:06:51,41.2835,-70.0995,73.99,92,90,12.66
433,Banda Aceh,ID,2021-07-26 04:06:58,5.5577,95.3222,86.04,68,100,12.73
434,Lamar,US,2021-07-26 04:06:59,33.6668,-95.5836,85.66,80,1,8.05
435,Rapid City,US,2021-07-26 04:05:57,44.0805,-103.231,85.89,46,1,11.01
436,Ndjole,GA,2021-07-26 04:07:00,-0.1783,10.7649,71.56,91,92,2.01
437,Svetlogorsk,BY,2021-07-26 04:07:00,52.6333,29.7333,63.37,88,50,5.19
438,Vostok,RU,2021-07-26 04:07:01,46.4856,135.8833,91.92,41,83,5.95
439,Kantang,TH,2021-07-26 04:07:01,7.4054,99.5156,88.05,63,95,7.76
440,Decatur,US,2021-07-26 04:03:12,39.8403,-88.9548,75.06,88,89,4.45
441,Radishchevo,RU,2021-07-26 04:07:01,52.85,47.8833,63.72,52,100,1.66
442,Saint-Denis,FR,2021-07-26 04:07:02,48.9167,2.3333,61.57,93,75,4.61
443,Erzin,TR,2021-07-26 04:07:02,36.9559,36.2,79.52,65,0,0.34
444,Zhangzhou,CN,2021-07-26 04:07:02,24.5133,117.6556,96.35,44,99,5.79
445,Hofn,IS,2021-07-26 04:07:03,64.2539,-15.2082,50.88,89,22,10.0
446,Pangnirtung,CA,2021-07-26 04:07:03,66.1451,-65.7125,51.37,89,100,4.83
447,Macklin,CA,2021-07-26 04:07:04,52.3334,-109.9348,61.75,63,46,5.46
448,Almaznyy,RU,2021-07-26 04:07:04,48.0448,40.045,66.34,55,1,8.84
449,Paragould,US,2021-07-26 04:05:56,36.0584,-90.4973,82.24,85,26,1.01
450,Katakwi,UG,2021-07-26 04:07:04,1.8911,33.9661,62.33,81,91,2.93
451,Canon City,US,2021-07-26 04:07:05,38.441,-105.2424,75.18,92,90,1.99
452,Ossora,RU,2021-07-26 04:07:05,59.2353,163.0719,62.51,85,89,8.16
453,Dobra,RO,2021-07-26 04:07:06,44.7833,25.7167,67.77,67,5,4.68
454,Akyab,MM,2021-07-26 04:02:50,20.15,92.9,80.04,92,100,24.14
455,Chitral,PK,2021-07-26 04:07:06,35.8462,71.7858,86.05,45,0,1.63
456,Boshnyakovo,RU,2021-07-26 04:07:06,49.6333,142.1667,75.43,71,93,11.1
457,Hobyo,SO,2021-07-26 04:07:07,5.3505,48.5268,76.32,75,82,23.22
458,Whitehorse,CA,2021-07-26 04:07:07,60.7161,-135.0538,62.1,58,100,1.81
459,Mmabatho,ZA,2021-07-26 04:07:07,-25.85,25.6333,38.14,54,14,9.04
460,Nakapiripirit,UG,2021-07-26 04:07:08,1.9167,34.7833,62.89,84,99,2.98
461,Vestmanna,FO,2021-07-26 04:07:08,62.1564,-7.1664,49.12,100,90,1.14
462,Huarmey,PE,2021-07-26 04:07:09,-10.0681,-78.1522,64.36,88,3,11.12
463,Kamaishi,JP,2021-07-26 04:07:09,39.2667,141.8833,78.46,69,70,15.08
464,Muros,ES,2021-07-26 04:07:09,42.7762,-9.0603,63.99,88,29,5.5
465,Klaksvik,FO,2021-07-26 04:07:10,62.2266,-6.589,50.92,95,100,6.55
466,Alirajpur,IN,2021-07-26 04:07:10,22.3031,74.3546,75.16,92,100,11.21
467,Mastic Beach,US,2021-07-26 04:07:10,40.7668,-72.8521,76.03,91,1,15.01
468,Kaduy,RU,2021-07-26 04:07:11,59.2,37.15,55.44,68,70,3.6
469,Humberto De Campos,BR,2021-07-26 04:07:11,-2.5983,-43.4611,73.85,85,27,4.09
470,Clovis,US,2021-07-26 04:05:07,36.8252,-119.7029,93.85,28,75,1.01
471,Palana,RU,2021-07-26 04:03:04,59.1167,159.9667,55.06,88,96,12.82
472,Broome,US,2021-07-26 04:03:41,42.2506,-75.833,69.66,83,0,2.59
473,Cumra,TR,2021-07-26 04:07:12,37.5732,32.7745,66.34,56,1,6.17
474,Pierre,US,2021-07-26 04:02:30,44.3683,-100.351,75.06,71,49,1.01
475,Urdoma,RU,2021-07-26 04:07:12,61.7533,48.5442,56.39,80,83,4.94
476,Botwood,CA,2021-07-26 04:07:13,49.1499,-55.3482,58.32,97,0,5.68
477,Waipawa,NZ,2021-07-26 04:02:19,-41.4122,175.5153,54.23,90,99,11.97
478,Kars,TR,2021-07-26 04:07:13,40.602,43.095,65.25,82,0,2.3
479,Anadyr,RU,2021-07-26 04:07:14,64.75,177.4833,54.1,93,20,11.01
480,Rudkobing,DK,2021-07-26 04:07:14,54.9364,10.7102,67.95,87,99,9.42
481,Boa Vista,BR,2021-07-26 04:07:15,2.8197,-60.6733,76.98,94,40,2.3
482,Springfield,US,2021-07-26 04:07:15,37.2153,-93.2982,76.98,94,1,1.99
483,Ixtapa,MX,2021-07-26 04:07:15,20.7,-105.2,82.22,88,59,1.01
484,Pandan,PH,2021-07-26 04:07:16,14.0453,124.1694,87.58,67,100,12.1
485,Gao,ML,2021-07-26 04:07:16,16.6362,1.637,88.45,49,100,3.85
486,Namatanai,PG,2021-07-26 04:07:16,-3.6667,152.4333,82.94,72,80,1.59
487,Ende,ID,2021-07-26 04:07:17,-8.8432,121.6623,86.88,46,50,3.31
488,Bonavista,CA,2021-07-26 04:07:17,48.6499,-53.1147,57.11,93,10,8.25
489,Huaraz,PE,2021-07-26 04:05:22,-9.5333,-77.5333,51.8,79,67,3.42
490,Jiaocheng,CN,2021-07-26 04:07:18,24.6774,116.1389,96.33,43,71,3.96
491,Piacabucu,BR,2021-07-26 04:07:18,-10.4056,-36.4344,72.32,89,60,9.44
492,Komsomolskiy,UZ,2021-07-26 04:07:18,40.4272,71.7189,95.72,24,0,4.61
493,Trinidad,BO,2021-07-26 04:07:19,-14.8333,-64.9,73.44,54,12,3.38
494,Lavrentiya,RU,2021-07-26 04:07:19,65.5833,-171.0,44.04,98,100,6.51
495,Ocampo,MX,2021-07-26 04:07:19,21.65,-101.5,59.23,78,60,10.33
496,Santiago,CL,2021-07-26 04:05:46,-33.4569,-70.6483,52.86,74,40,6.91
497,Srivardhan,IN,2021-07-26 04:07:20,18.0333,73.0167,81.91,84,96,16.69
498,Pachino,IT,2021-07-26 04:07:21,36.7186,15.0907,71.64,56,0,6.98
499,Yining,CN,2021-07-26 04:07:21,29.0361,114.5636,92.3,49,19,9.1
500,Smoky Lake,CA,2021-07-26 04:07:21,54.1169,-112.4686,60.49,46,99,3.62
501,Imamoglu,TR,2021-07-26 04:07:22,37.2651,35.6572,79.83,68,0,0.67
502,Mozarlandia,BR,2021-07-26 04:07:22,-14.7447,-50.5706,69.84,38,19,2.93
503,Chichimila,MX,2021-07-26 04:07:22,20.6167,-88.2167,74.82,91,48,1.74
504,Vigrestad,NO,2021-07-26 04:07:23,58.5667,5.7,70.97,53,71,15.64
505,Chinsali,ZM,2021-07-26 04:07:23,-10.5414,32.0816,45.75,86,16,8.32
506,Sendhwa,IN,2021-07-26 04:07:24,21.6833,75.1,75.45,89,100,14.5
507,Sabha,LY,2021-07-26 04:07:24,27.0377,14.4283,77.38,32,3,11.16
508,Senftenberg,DE,2021-07-26 04:07:24,51.5167,14.0167,66.36,90,57,3.56
509,Victor Harbor,AU,2021-07-26 04:07:25,-35.5667,138.6167,62.47,73,63,4.0
510,Talara,PE,2021-07-26 04:07:25,-4.5772,-81.2719,66.42,89,56,13.62
511,Lac Du Bonnet,CA,2021-07-26 04:07:25,50.2536,-96.0612,68.59,60,55,4.41
512,Moche,PE,2021-07-26 04:07:26,-8.1711,-79.0092,64.58,90,16,7.2
513,Brynmawr,GB,2021-07-26 04:07:26,51.8,-3.1833,58.59,92,7,4.12
514,Sain Alto,MX,2021-07-26 04:07:26,23.5833,-103.25,69.73,27,6,5.14
515,Ikalamavony,MG,2021-07-26 04:07:27,-21.15,46.5833,54.09,77,40,8.59
516,Nyaunglebin,MM,2021-07-26 04:07:27,17.95,96.7333,77.25,92,100,5.06
517,Miyazu,JP,2021-07-26 04:07:27,35.5333,135.1833,86.38,54,0,6.82
518,Galeana,MX,2021-07-26 04:07:28,24.8333,-100.0667,62.85,65,1,2.21
519,Quba,AZ,2021-07-26 04:07:28,41.3626,48.5152,76.66,53,0,2.89
520,Talgar,KZ,2021-07-26 04:07:28,43.3027,77.2395,84.36,30,0,8.95
521,San Quintin,MX,2021-07-26 04:07:29,30.4833,-115.95,66.74,88,100,7.25
522,Kaeo,NZ,2021-07-26 04:07:29,-35.1,173.7833,61.32,81,53,10.07
523,Richards Bay,ZA,2021-07-26 04:07:30,-28.783,32.0377,53.87,86,0,7.02
524,Dauriya,RU,2021-07-26 04:07:30,49.9333,116.8667,70.09,58,62,7.02
525,Umm Lajj,SA,2021-07-26 04:07:30,25.0213,37.2685,85.15,52,9,11.54
526,Beyneu,KZ,2021-07-26 04:07:31,45.3167,55.2,87.89,20,17,13.76
527,Verkhnyaya Inta,RU,2021-07-26 04:07:31,65.9811,60.3094,45.7,87,100,7.56
528,Sabang,ID,2021-07-26 04:07:32,5.8933,95.3214,83.19,77,90,17.56
529,Chazuta,PE,2021-07-26 04:07:32,-6.5742,-76.1367,74.35,75,25,1.14
530,Aneho,TG,2021-07-26 04:07:32,6.2333,1.6,74.91,79,56,12.39
531,Kazachinskoye,RU,2021-07-26 04:07:33,57.6953,93.2761,84.45,36,60,8.97
532,Colorado Springs,US,2021-07-26 04:02:44,38.8339,-104.8214,72.84,84,90,14.97
533,Traverse City,US,2021-07-26 04:07:33,44.7631,-85.6206,72.34,68,1,6.91
534,Pundaguitan,PH,2021-07-26 04:07:34,6.3711,126.1689,84.79,71,44,16.37
535,Sungaipenuh,ID,2021-07-26 04:07:15,-2.0833,101.3833,81.34,44,21,2.35
536,Gizo,SB,2021-07-26 04:07:34,-8.103,156.8419,83.68,70,7,3.31
537,Nong Khai,TH,2021-07-26 04:07:35,17.9167,103.0833,85.28,85,100,7.05
538,Kozhva,RU,2021-07-26 04:07:35,65.1073,57.0459,47.19,84,97,5.77
539,Ohara,JP,2021-07-26 04:07:35,35.25,140.3833,88.02,56,79,18.84
540,Beira,MZ,2021-07-26 04:07:36,-19.8436,34.8389,63.75,83,54,13.71
541,Barcelona,ES,2021-07-26 04:03:17,41.3888,2.159,76.53,67,20,1.99
542,Namibe,AO,2021-07-26 04:07:36,-15.1961,12.1522,69.49,56,0,7.99
543,Jalu,LY,2021-07-26 04:07:37,29.0331,21.5482,73.8,49,0,7.54
544,Flinders,AU,2021-07-26 04:07:37,-34.5833,150.8552,65.48,54,78,7.0
